ME;SYMBOL;miRNA;miRNA Count;Tarbase;miRNA Details;;;;;;;;;;
blue;TAF5L;hsa-miR-26b-5p;15;hsa-miR-155-5p;hsa-miR-26b-5p;hsa-miR-125a-5p;hsa-miR-20a-5p;hsa-miR-17-5p;hsa-miR-378a-3p;hsa-miR-18a-5p;hsa-miR-148b-3p;hsa-miR-125b-5p;hsa-miR-196a-5p;;
blue;NMT1;hsa-miR-143-3p;10;#N/A;hsa-miR-143-3p;hsa-miR-7-5p;hsa-miR-181a-5p;hsa-miR-193a-3p;hsa-miR-140-5p;hsa-miR-99b-5p;hsa-miR-148b-3p;;;;
blue;SCOC;hsa-miR-143-3p;6;#N/A;hsa-miR-143-3p;hsa-miR-181a-5p;hsa-miR-18a-5p;;;;;;;;
blue;IRF2;hsa-miR-143-3p;8;hsa-miR-18a-5p;hsa-miR-143-3p;hsa-miR-20a-5p;hsa-miR-378a-3p;;;;;;;;
blue;GORASP2;hsa-miR-181a-5p;6;#N/A;hsa-miR-181a-5p;hsa-miR-130a-3p;hsa-miR-18a-5p;;;;;;;;
blue;DBNDD1;hsa-miR-143-3p;5;#N/A;hsa-miR-143-3p;hsa-miR-378a-3p;hsa-miR-196a-5p;;;;;;;;
blue;HNRNPH3;hsa-miR-181a-5p;7;#N/A;hsa-miR-181a-5p;hsa-miR-20a-5p;hsa-miR-17-5p;hsa-miR-140-5p;;;;;;;
blue;FOXP1;hsa-miR-125a-3p;9;hsa-miR-34a-5p;hsa-miR-125a-3p;hsa-miR-21-5p;hsa-miR-181a-5p;hsa-miR-130a-3p;hsa-miR-140-5p;hsa-miR-92a-3p;;;;;
blue;GBF1;hsa-miR-7-5p;6;#N/A;hsa-miR-7-5p;hsa-miR-20a-5p;hsa-miR-17-5p;hsa-miR-140-5p;;;;;;;
blue;SLC25A24;hsa-miR-181a-5p;9;#N/A;hsa-miR-181a-5p;hsa-miR-20a-5p;hsa-miR-17-5p;hsa-miR-18a-5p;hsa-miR-196a-5p;;;;;;
blue;PCGF5;hsa-miR-125a-3p;6;hsa-miR-92a-3p;hsa-miR-125a-3p;hsa-miR-21-5p;hsa-miR-130a-3p;hsa-miR-140-5p;;;;;;;
blue;ANKFY1;hsa-miR-21-5p;18;#N/A;hsa-miR-21-5p;hsa-miR-7-5p;hsa-miR-181a-5p;hsa-miR-20a-5p;hsa-miR-130a-3p;hsa-miR-17-5p;hsa-miR-378a-3p;hsa-miR-193a-3p;hsa-miR-140-5p;hsa-miR-18a-5p;hsa-miR-196a-5p
blue;RAPGEFL1;hsa-miR-20a-5p;6;#N/A;hsa-miR-20a-5p;hsa-miR-17-5p;hsa-miR-18a-5p;;;;;;;;
blue;RUSC1;hsa-miR-125a-3p;5;#N/A;hsa-miR-125a-3p;hsa-miR-7-5p;hsa-miR-181a-5p;hsa-miR-193a-3p;;;;;;;
blue;GPD2;hsa-miR-21-5p;10;hsa-miR-206;hsa-miR-21-5p;hsa-miR-7-5p;hsa-miR-181a-5p;hsa-miR-20a-5p;hsa-miR-17-5p;hsa-miR-92a-3p;;;;;
blue;SLC25A37;hsa-miR-143-3p;6;#N/A;hsa-miR-143-3p;hsa-miR-181a-5p;hsa-miR-26b-5p;;;;;;;;
blue;RFK;hsa-miR-21-5p;6;#N/A;hsa-miR-21-5p;hsa-miR-181a-5p;hsa-miR-26b-5p;;;;;;;;
blue;RARB;hsa-miR-20a-5p;7;hsa-miR-1-3p;hsa-miR-20a-5p;hsa-miR-130a-3p;hsa-miR-17-5p;hsa-miR-196a-5p;;;;;;;
blue;EPB41L1;hsa-miR-130a-3p;5;#N/A;hsa-miR-130a-3p;hsa-miR-18a-5p;hsa-miR-148b-3p;;;;;;;;
blue;MTMR10;hsa-miR-181a-5p;5;#N/A;hsa-miR-181a-5p;hsa-miR-26b-5p;hsa-miR-148b-3p;;;;;;;;
blue;CDK12;hsa-miR-143-3p;5;#N/A;hsa-miR-143-3p;hsa-miR-26b-5p;hsa-miR-140-5p;;;;;;;;
blue;TNFAIP1;hsa-miR-181a-5p;9;hsa-miR-373-3p;hsa-miR-181a-5p;hsa-miR-125a-5p;hsa-miR-20a-5p;hsa-miR-17-5p;hsa-miR-125b-5p;;;;;;
blue;CEP164;hsa-miR-20a-5p;7;#N/A;hsa-miR-20a-5p;hsa-miR-130a-3p;hsa-miR-17-5p;hsa-miR-148b-3p;;;;;;;
blue;GULP1;hsa-miR-26b-5p;7;#N/A;hsa-miR-26b-5p;hsa-miR-20a-5p;hsa-miR-17-5p;hsa-miR-92a-3p;;;;;;;
blue;GABBR1;hsa-miR-143-3p;9;#N/A;hsa-miR-143-3p;hsa-miR-7-5p;hsa-miR-20a-5p;hsa-miR-17-5p;hsa-miR-18a-5p;;;;;;
blue;STK35;hsa-miR-7-5p;5;#N/A;hsa-miR-7-5p;hsa-miR-125a-5p;hsa-miR-125b-5p;hsa-miR-196a-5p;;;;;;;
blue;GDA;hsa-miR-21-5p;13;#N/A;hsa-miR-21-5p;hsa-miR-181a-5p;hsa-miR-26b-5p;hsa-miR-20a-5p;hsa-miR-130a-3p;hsa-miR-17-5p;hsa-miR-140-5p;;;;
blue;KCNH5;hsa-miR-20a-5p;7;#N/A;hsa-miR-20a-5p;hsa-miR-17-5p;hsa-miR-140-5p;hsa-miR-18a-5p;;;;;;;
blue;JPH1;hsa-miR-143-3p;17;#N/A;hsa-miR-143-3p;hsa-miR-125a-3p;hsa-miR-21-5p;hsa-miR-7-5p;hsa-miR-26b-5p;hsa-miR-125a-5p;hsa-miR-20a-5p;hsa-miR-17-5p;hsa-miR-18a-5p;hsa-miR-125b-5p;
yellow;CNTNAP2;hsa-miR-181a-5p;6;#N/A;hsa-miR-181a-5p;hsa-miR-20a-5p;hsa-miR-17-5p;;;;;;;;
yellow;DCBLD1;hsa-miR-181a-5p;6;#N/A;hsa-miR-181a-5p;hsa-miR-26b-5p;hsa-miR-378a-3p;;;;;;;;
yellow;TRIM4;hsa-miR-20a-5p;9;#N/A;hsa-miR-20a-5p;hsa-miR-130a-3p;hsa-miR-17-5p;hsa-miR-378a-3p;hsa-miR-148b-3p;;;;;;
yellow;MEX3C;hsa-miR-143-3p;13;#N/A;hsa-miR-143-3p;hsa-miR-125a-3p;hsa-miR-21-5p;hsa-miR-26b-5p;hsa-miR-130a-3p;hsa-miR-140-5p;hsa-miR-18a-5p;hsa-miR-148b-3p;;;
yellow;PTPN2;hsa-miR-21-5p;13;hsa-miR-210-3p;hsa-miR-21-5p;hsa-miR-181a-5p;hsa-miR-125a-5p;hsa-miR-20a-5p;hsa-miR-130a-3p;hsa-miR-17-5p;hsa-miR-125b-5p;;;;
yellow;KIF1B;hsa-miR-143-3p;15;hsa-miR-29b-3p;hsa-miR-143-3p;hsa-miR-7-5p;hsa-miR-181a-5p;hsa-miR-26b-5p;hsa-miR-125a-5p;hsa-miR-140-5p;hsa-miR-92a-3p;hsa-miR-18a-5p;hsa-miR-125b-5p;hsa-miR-196a-5p;
yellow;N4BP2L2;hsa-miR-20a-5p;7;#N/A;hsa-miR-20a-5p;hsa-miR-130a-3p;hsa-miR-17-5p;hsa-miR-196a-5p;;;;;;;
yellow;GNAS;hsa-miR-125a-3p;5;#N/A;hsa-miR-125a-3p;hsa-miR-378a-3p;hsa-miR-18a-5p;;;;;;;;
yellow;TRIM14;hsa-miR-26b-5p;5;hsa-miR-15b-5p;hsa-miR-26b-5p;hsa-miR-140-5p;hsa-miR-148b-3p;hsa-miR-196a-5p;;;;;;;
yellow;MEIS1;hsa-miR-143-3p;5;hsa-miR-495-3p;hsa-miR-143-3p;hsa-miR-21-5p;hsa-miR-92a-3p;;;;;;;;
yellow;BCL11A;hsa-miR-21-5p;16;hsa-miR-138-5p;hsa-miR-21-5p;hsa-miR-181a-5p;hsa-miR-26b-5p;hsa-miR-20a-5p;hsa-miR-130a-3p;hsa-miR-17-5p;hsa-miR-140-5p;hsa-miR-92a-3p;hsa-miR-148b-3p;hsa-miR-196a-5p;
yellow;PNN;hsa-miR-143-3p;7;#N/A;hsa-miR-143-3p;hsa-miR-20a-5p;hsa-miR-17-5p;hsa-miR-92a-3p;;;;;;;
yellow;MBP;hsa-miR-21-5p;7;#N/A;hsa-miR-21-5p;hsa-miR-20a-5p;hsa-miR-17-5p;hsa-miR-148b-3p;;;;;;;
yellow;ATG14;hsa-miR-20a-5p;9;hsa-miR-195-5p;hsa-miR-20a-5p;hsa-miR-130a-3p;hsa-miR-17-5p;hsa-miR-140-5p;hsa-miR-92a-3p;hsa-miR-148b-3p;;;;;
yellow;KIAA1109;hsa-miR-21-5p;6;#N/A;hsa-miR-21-5p;hsa-miR-26b-5p;hsa-miR-140-5p;hsa-miR-92a-3p;;;;;;;
yellow;MYO5C;hsa-miR-143-3p;6;#N/A;hsa-miR-143-3p;hsa-miR-378a-3p;hsa-miR-18a-5p;;;;;;;;
yellow;CASP4;hsa-miR-20a-5p;6;#N/A;hsa-miR-20a-5p;hsa-miR-17-5p;hsa-miR-18a-5p;;;;;;;;
yellow;ZNF280B;hsa-miR-20a-5p;6;#N/A;hsa-miR-20a-5p;hsa-miR-17-5p;hsa-miR-18a-5p;;;;;;;;
yellow;ODC1;hsa-miR-181a-5p;6;#N/A;hsa-miR-181a-5p;hsa-miR-26b-5p;hsa-miR-378a-3p;;;;;;;;
yellow;DNMT3B;hsa-miR-21-5p;8;hsa-miR-29a-3p;hsa-miR-21-5p;hsa-miR-26b-5p;hsa-miR-20a-5p;hsa-miR-17-5p;;;;;;;
yellow;SLC39A6;hsa-miR-26b-5p;9;#N/A;hsa-miR-26b-5p;hsa-miR-20a-5p;hsa-miR-17-5p;hsa-miR-126-3p;hsa-miR-92a-3p;hsa-miR-196a-5p;;;;;
yellow;UBR1;hsa-miR-26b-5p;9;#N/A;hsa-miR-26b-5p;hsa-miR-20a-5p;hsa-miR-17-5p;hsa-miR-378a-3p;hsa-miR-140-5p;;;;;;
yellow;SASH1;hsa-miR-125a-5p;9;#N/A;hsa-miR-125a-5p;hsa-miR-20a-5p;hsa-miR-130a-3p;hsa-miR-17-5p;hsa-miR-125b-5p;;;;;;
yellow;CAMTA1;hsa-miR-21-5p;16;hsa-miR-129-5p;hsa-miR-21-5p;hsa-miR-181a-5p;hsa-miR-26b-5p;hsa-miR-20a-5p;hsa-miR-130a-3p;hsa-miR-17-5p;hsa-miR-140-5p;hsa-miR-99b-5p;hsa-miR-92a-3p;;
yellow;IL6R;hsa-miR-143-3p;8;hsa-miR-34c-5p;hsa-miR-143-3p;hsa-miR-21-5p;hsa-miR-125a-5p;hsa-miR-125b-5p;hsa-miR-196a-5p;;;;;;
yellow;DIP2C;hsa-miR-181a-5p;11;#N/A;hsa-miR-181a-5p;hsa-miR-20a-5p;hsa-miR-130a-3p;hsa-miR-17-5p;hsa-miR-140-5p;hsa-miR-18a-5p;;;;;
yellow;PXDN;hsa-miR-20a-5p;8;hsa-miR-29a-3p;hsa-miR-20a-5p;hsa-miR-130a-3p;hsa-miR-17-5p;hsa-miR-92a-3p;hsa-miR-196a-5p;;;;;;
yellow;PNKD;hsa-miR-20a-5p;6;#N/A;hsa-miR-20a-5p;hsa-miR-17-5p;hsa-miR-378a-3p;;;;;;;;
yellow;PLEKHA7;hsa-miR-26b-5p;5;#N/A;hsa-miR-26b-5p;hsa-miR-130a-3p;hsa-miR-148b-3p;;;;;;;;
yellow;PDHB;hsa-miR-26b-5p;7;#N/A;hsa-miR-26b-5p;hsa-miR-125a-5p;hsa-miR-92a-3p;hsa-miR-148b-3p;hsa-miR-125b-5p;;;;;;
yellow;ZNF609;hsa-miR-125a-3p;6;#N/A;hsa-miR-125a-3p;hsa-miR-21-5p;hsa-miR-7-5p;hsa-miR-130a-3p;;;;;;;
yellow;CANX;hsa-miR-21-5p;7;#N/A;hsa-miR-21-5p;hsa-miR-130a-3p;hsa-miR-18a-5p;hsa-miR-148b-3p;;;;;;;
yellow;KDM6A;hsa-miR-181a-5p;10;#N/A;hsa-miR-181a-5p;hsa-miR-26b-5p;hsa-miR-20a-5p;hsa-miR-17-5p;hsa-miR-18a-5p;;;;;;
yellow;ANKRD12;hsa-miR-143-3p;11;#N/A;hsa-miR-143-3p;hsa-miR-7-5p;hsa-miR-20a-5p;hsa-miR-130a-3p;hsa-miR-17-5p;hsa-miR-140-5p;hsa-miR-92a-3p;;;;
yellow;RYK;hsa-miR-7-5p;9;#N/A;hsa-miR-7-5p;hsa-miR-26b-5p;hsa-miR-20a-5p;hsa-miR-17-5p;hsa-miR-18a-5p;;;;;;
yellow;ZNF532;hsa-miR-20a-5p;5;#N/A;hsa-miR-20a-5p;hsa-miR-17-5p;hsa-miR-92a-3p;;;;;;;;
yellow;ACVR2A;hsa-miR-181a-5p;6;hsa-miR-16-5p;hsa-miR-181a-5p;hsa-miR-130a-3p;hsa-miR-125b-5p;hsa-miR-196a-5p;;;;;;;
yellow;PSEN1;hsa-miR-7-5p;8;hsa-miR-562;hsa-miR-7-5p;hsa-miR-181a-5p;hsa-miR-130a-3p;hsa-miR-193a-3p;hsa-miR-140-5p;hsa-miR-148b-3p;;;;;
yellow;ZNF512B;hsa-miR-125a-3p;16;#N/A;hsa-miR-125a-3p;hsa-miR-26b-5p;hsa-miR-125a-5p;hsa-miR-20a-5p;hsa-miR-17-5p;hsa-miR-378a-3p;hsa-miR-140-5p;hsa-miR-92a-3p;hsa-miR-18a-5p;hsa-miR-125b-5p;
yellow;DHX33;hsa-miR-143-3p;8;#N/A;hsa-miR-143-3p;hsa-miR-125a-5p;hsa-miR-99b-5p;hsa-miR-125b-5p;hsa-miR-196a-5p;;;;;;
yellow;SOX21;hsa-miR-125a-3p;6;#N/A;hsa-miR-125a-3p;hsa-miR-130a-3p;hsa-miR-92a-3p;hsa-miR-18a-5p;;;;;;;
yellow;SPTBN1;hsa-miR-143-3p;10;hsa-miR-145-5p;hsa-miR-143-3p;hsa-miR-26b-5p;hsa-miR-20a-5p;hsa-miR-130a-3p;hsa-miR-17-5p;;;;;;
yellow;POM121C;hsa-miR-143-3p;16;#N/A;hsa-miR-143-3p;hsa-miR-21-5p;hsa-miR-181a-5p;hsa-miR-26b-5p;hsa-miR-18a-5p;;;;;;
